{
  "project_info": {
    "project_number": "363013463834",
    "firebase_url": "https://airhive-app.firebaseio.com",
    "project_id": "airhive-app",
    "storage_bucket": "airhive-app.appspot.com"
  },
  "client": [
    {
      "client_info": {
        "mobilesdk_app_id": "1:363013463834:android:00ebbddfaf7e0473",
        "android_client_info": {
          "package_name": "it.airhive.app"
        }
      },
      "oauth_client": [
        {
          "client_id": "363013463834-u4c7trg53nrrrpsqn04ib6ntu4fotc9j.apps.googleusercontent.com",
          "client_type": 3
        }
      ],
      "api_key": [
        {
          "current_key": "AIzaSyDY27ZaSejOA4iJNOIHpA0mSySzPP1p07M"
        }
      ],
      "services": {
        "appinvite_service": {
          "other_platform_oauth_client": [
            {
              "client_id": "363013463834-u4c7trg53nrrrpsqn04ib6ntu4fotc9j.apps.googleusercontent.com",
              "client_type": 3
            },
            {
              "client_id": "363013463834-27blkmuo76f0luln7qcr0cd8qa7vm8gp.apps.googleusercontent.com",
              "client_type": 2,
              "ios_info": {
                "bundle_id": "it.airhive.app"
              }
            }
          ]
        }
      }
    }
  ],
  "configuration_version": "1"
}